{"createdAt":"2019-11-07T15:43:55.732Z","version":"10.0.12","kind":"ARC#AllDataExport","requests":[{"type":"saved","headers":"content-type: application/json\naccept-charset: utf-8","method":"POST","name":"Add a new user with car details","payload":"{\n    \"id\": 5001,\n    \"custName\": \"Patrick Jane\",\n    \"mobile\": \"3009878900\",\n    \"carId\": 20098,\n    \"carName\": \"Cadilla Ranger\",\n    \"carBrand\": \"Cadilla\",\n    \"carModel\": \"Ranger\",\n    \"carMakeYear\": 2002,\n    \"avlDateFrom\": \"2019-11-07 20:20:20+0530Z\",\n    \"avlTimeFrom\": \"07:00\",\n    \"avlDateTo\": \"2019-11-07 10:10:10+0530Z\",\n    \"avlTimeTo\": \"23:00\"\n}","url":"http://localhost:3100/cars","updated":1573135167950,"kind":"ARC#RequestData"},{"type":"saved","headers":"content-type: application/json\naccept-charset: utf-8","method":"PUT","name":"Add/update car availability data (date and time)","payload":"{\n    \"custName\": \"Donald Trump\",\n    \"carId\": 88997,\n    \"carName\": \"BMW E series\",\n    \"carBrand\": \"BMW\",\n    \"carModel\": \"E250\",\n    \"carMakeYear\": 2018,\n    \"avlDateFrom\": \"2019-09-09 20:20:20+0530Z\",\n    \"avlTimeFrom\": \"13:00\",\n    \"avlDateTo\": \"2019-09-09 10:10:10+0530Z\",\n    \"avlTimeTo\": \"13:00\"\n}","url":"http://localhost:3100/cars/1001","updated":1573135119670,"kind":"ARC#RequestData"},{"type":"saved","headers":"content-type: application/json\naccept-charset: utf-8","method":"GET","name":"Get availability of all cars","payload":"","url":"http://localhost:3100/timings","updated":1571846652714,"kind":"ARC#RequestData"},{"type":"saved","headers":"content-type: application/json\naccept-charset: utf-8","method":"GET","name":"Get availability of car with id","payload":"","url":"http://localhost:3100/cars/1001","updated":1573141366547,"kind":"ARC#RequestData"},{"type":"saved","headers":"content-type: application/json\naccept-charset: utf-8\navlDateFrom: 2018-11-08 00:00:00+0530Z\navlDateTo: 2019-11-08 00:00:00+0530Z","method":"GET","name":"Get availability of cars filtered by available time","payload":"","url":"http://localhost:3100/timings","updated":1573139583732,"kind":"ARC#RequestData"},{"type":"saved","headers":"content-type: application/json\naccept-charset: utf-8","method":"GET","name":"Get availability of selected car","payload":"{\n  \"avlDateFrom\": \"2019-12-08 00:00:00+0530Z\",\n  \"avlTimeFrom\": \"15:00\",\n  \"avlDateTo\": \"2019-12-10 00:00:00+0530Z\",\n  \"avlTimeTo\": \"11:00\"\n}","url":"http://localhost:3100/timings/88997","updated":1573141409734,"kind":"ARC#RequestData"},{"type":"saved","headers":"content-type: application/json\naccept-charset: utf-8","method":"GET","name":"Get User & Car detail","payload":"","url":"http://localhost:3100/cars","updated":1573135139745,"kind":"ARC#RequestData"},{"type":"saved","headers":"content-type: application/json\naccept-charset: utf-8","method":"PUT","name":"Update availability of a selected Car","payload":"{\n  \"avlDateFrom\": \"2019-12-08 00:00:00+0530Z\",\n  \"avlTimeFrom\": \"15:00\",\n  \"avlDateTo\": \"2019-12-10 00:00:00+0530Z\",\n  \"avlTimeTo\": \"11:00\"\n}","url":"http://localhost:3100/timings/88997","updated":1573141283529,"kind":"ARC#RequestData"}]}