[{
    "id": 1001,
    "custName": "Barrack Obama",
    "mobile": "601234567890",
    "carId": 99880,
    "carName": "BMW E series",
    "carBrand": "BMW",
    "carModel": "E250",
    "carMakeYear": 2018,
    "avlDateFrom": "2019-09-09 00:00:00+0530Z",
    "avlTimeFrom": "13:00",
    "avlDateTo": "2019-09-09 00:00:00+0530Z",
    "avlTimeTo": "13:00"
},
{
    "id": 2001,
    "custName": "Tom Moody",
    "mobile": "9088977665",
    "carId": 77880,
    "carName": "Audi A4",
    "carBrand": "Audi",
    "carModel": "A4",
    "carMakeYear": 2017,
    "avlDateFrom": "2019-09-21 00:00:00+0530Z",
    "avlTimeFrom": "09:00",
    "avlDateTo": "2019-09-22 00:00:00+0530Z",
    "avlTimeTo": "20:00"
},
{
    "id": 3001,
    "custName": "Derek Wilson",
    "mobile": "40998778876",
    "carId": 63390,
    "carName": "Proton Saga",
    "carBrand": "Proton",
    "carModel": "Saga",
    "carMakeYear": 2019,
    "avlDateFrom": "2019-11-15 00:00:00+0530Z",
    "avlTimeFrom": "22:00",
    "avlDateTo": "2019-11-16 00:00:00+0530Z",
    "avlTimeTo": "09:00"
},
{
    "id": 4001,
    "custName": "Brendon McGrath",
    "mobile": "2099809987",
    "carId": 30098,
    "carName": "Proton Iriz",
    "carBrand": "Proton",
    "carModel": "Iriz",
    "carMakeYear": 2017,
    "avlDateFrom": "2019-11-08 00:00:00+0530Z",
    "avlTimeFrom": "15:00",
    "avlDateTo": "2019-11-10 00:00:00+0530Z",
    "avlTimeTo": "11:00"
}]