{
    "createdAt": "2019-10-23T15:54:56.950Z",
    "version": "10.0.12",
    "kind": "ARC#AllDataExport",
    "requests": [
        {
            "type": "saved",
            "headers": "content-type: application/json\naccept-charset: utf-8",
            "method": "GET",
            "name": "List all cars",
            "payload": "{\"avlTimeFrom\":\"1000\",\"avlTimeTo\":\"1300\"}",
            "url": "http://localhost:3100/cars",
            "updated": 1571839965249,
            "kind": "ARC#RequestData"
        }
    ],
    "history": [
        {
            "created": 1568899304351,
            "updated": 1568899304351,
            "headers": "",
            "method": "GET",
            "payload": "",
            "url": "http://localhost:5000/",
            "kind": "ARC#HistoryData"
        },
        {
            "created": 1568899313491,
            "updated": 1568899313491,
            "headers": "",
            "method": "POST",
            "payload": "",
            "url": "http://localhost:5000/",
            "kind": "ARC#HistoryData"
        },
        {
            "created": 1568899544082,
            "updated": 1568899544082,
            "headers": "content-type: application/json",
            "method": "GET",
            "payload": "",
            "url": "http://localhost:5000/items",
            "kind": "ARC#HistoryData"
        },
        {
            "created": 1568899486357,
            "updated": 1568899531831,
            "headers": "content-type: application/json",
            "method": "POST",
            "payload": "",
            "url": "http://localhost:5000/items",
            "kind": "ARC#HistoryData"
        },
        {
            "created": 1569146361620,
            "updated": 1569153357106,
            "headers": "content-type: application/json\naccept-charset: utf-8\naccept-language: jpn",
            "method": "GET",
            "payload": "",
            "url": "http://localhost:5000/categories",
            "kind": "ARC#HistoryData"
        },
        {
            "created": 1569141863138,
            "updated": 1569153295826,
            "headers": "content-type: application/json\naccept-charset: utf-8\naccept-language: jpn",
            "method": "GET",
            "payload": "",
            "url": "http://localhost:5000/items/1",
            "kind": "ARC#HistoryData"
        },
        {
            "created": 1569144756198,
            "updated": 1569144756198,
            "headers": "content-type: application/json",
            "method": "GET",
            "payload": "",
            "url": "http://localhost:5000/items",
            "kind": "ARC#HistoryData"
        },
        {
            "created": 1569909317261,
            "updated": 1569909411375,
            "headers": "content-type: application/json\naccept-charset: utf-8\naccept-language: jpn\ncookie: ARRAffinity=a6c1e20f6f0c5a3455ccd72cb4b90dd9e689c54afa3836c3158ea4e6a2204a34",
            "method": "GET",
            "payload": "",
            "url": "http://nmflightapi.azurewebsites.net/api/flight",
            "kind": "ARC#HistoryData"
        },
        {
            "created": 1569909236551,
            "updated": 1569909236551,
            "headers": "content-type: application/json\naccept-charset: utf-8\naccept-language: jpn",
            "method": "POST",
            "payload": "{\"DepartureAirportCode\":\"MEl\",\"ArrivalAirportCode\":\"LHR\",\"DepartureDate\":\"2012-12-24T00:00:00+11:00\",\"ReturnDate\":\"2013-01-03T00:00:00+11:00\"}",
            "url": "http://nmflightapi.azurewebsites.net/api/flight",
            "kind": "ARC#HistoryData"
        },
        {
            "created": 1571824595240,
            "updated": 1571824595240,
            "headers": "content-type: application/json\naccept-charset: utf-8\naccept-language: jpn",
            "method": "GET",
            "payload": "",
            "url": "http://localhost:3000/orders",
            "kind": "ARC#HistoryData"
        },
        {
            "created": 1571828902753,
            "updated": 1571841919616,
            "headers": "content-type: application/json\naccept-charset: utf-8",
            "method": "GET",
            "payload": "",
            "url": "http://localhost:3100/cars/1",
            "kind": "ARC#HistoryData"
        },
        {
            "created": 1571829225234,
            "updated": 1571829225234,
            "headers": "content-type: application/json\naccept-charset: utf-8",
            "method": "POST",
            "payload": "",
            "url": "http://localhost:3100/cars/1",
            "kind": "ARC#HistoryData"
        },
        {
            "created": 1571834713413,
            "updated": 1571841908783,
            "headers": "content-type: application/json\naccept-charset: utf-8",
            "method": "PUT",
            "payload": "{\"avlTimeFrom\":\"9999\",\"avlTimeTo\":\"1300\"}",
            "url": "http://localhost:3100/cars/1",
            "kind": "ARC#HistoryData"
        },
        {
            "created": 1571827921001,
            "updated": 1571836070131,
            "headers": "content-type: application/json\naccept-charset: utf-8",
            "method": "GET",
            "payload": "",
            "url": "http://localhost:3100/cars/2",
            "kind": "ARC#HistoryData"
        },
        {
            "created": 1571835877527,
            "updated": 1571837402632,
            "headers": "content-type: application/json\naccept-charset: utf-8",
            "method": "PUT",
            "payload": "{\"avlTimeFrom\":\"0100\",\"avlTimeTo\":\"0040\"}",
            "url": "http://localhost:3100/cars/2",
            "kind": "ARC#HistoryData"
        },
        {
            "created": 1571838893454,
            "updated": 1571838977670,
            "headers": "content-type: application/json\naccept-charset: utf-8",
            "method": "PUT",
            "payload": "{\"avlTimeFrom\":\"1000\",\"avlTimeTo\":\"1300\"}",
            "url": "http://localhost:3100/cars/7",
            "kind": "ARC#HistoryData"
        },
        {
            "created": 1571843959813,
            "updated": 1571844104422,
            "headers": "content-type: application/json\naccept-charset: utf-8",
            "method": "GET",
            "payload": "",
            "url": "http://localhost:3100/cars/timings",
            "kind": "ARC#HistoryData"
        },
        {
            "created": 1571827927716,
            "updated": 1571843444323,
            "headers": "content-type: application/json\naccept-charset: utf-8",
            "method": "GET",
            "payload": "",
            "url": "http://localhost:3100/cars",
            "kind": "ARC#HistoryData"
        },
        {
            "created": 1571828923916,
            "updated": 1571842048056,
            "headers": "content-type: application/json\naccept-charset: utf-8",
            "method": "POST",
            "payload": "{\n  \"id\": 10,\n  \"cust_name\": \"Barrack Obama\",\n  \"mobile1\": 601234567890,\n  \"car_name\": \"BMW E series\",\n  \"car_brand\": \"BMW\",\n  \"car_model\": \"E250\",\n  \"car_make_year\": \"2018\",\n  \"avl_date_from\": \"\",\n  \"avl_time_from\": \"9999\",\n  \"avl_date_to\": \"\",\n  \"avl_time_to\": \"1300\"\n}",
            "url": "http://localhost:3100/cars",
            "kind": "ARC#HistoryData"
        },
        {
            "created": 1571834694451,
            "updated": 1571834694451,
            "headers": "content-type: application/json\naccept-charset: utf-8",
            "method": "PUT",
            "payload": "",
            "url": "http://localhost:3100/cars",
            "kind": "ARC#HistoryData"
        },
        {
            "created": 1571826787567,
            "updated": 1571826969657,
            "headers": "content-type: application/json\naccept-charset: utf-8",
            "method": "GET",
            "payload": "",
            "url": "http://localhost:3100/orders/1",
            "kind": "ARC#HistoryData"
        },
        {
            "created": 1571826974878,
            "updated": 1571827915188,
            "headers": "content-type: application/json\naccept-charset: utf-8",
            "method": "GET",
            "payload": "",
            "url": "http://localhost:3100/orders/2",
            "kind": "ARC#HistoryData"
        },
        {
            "created": 1571825012231,
            "updated": 1571826605468,
            "headers": "content-type: application/json\naccept-charset: utf-8",
            "method": "GET",
            "payload": "",
            "url": "http://localhost:3100/orders",
            "kind": "ARC#HistoryData"
        },
        {
            "created": 1571845375821,
            "updated": 1571845993663,
            "headers": "content-type: application/json\naccept-charset: utf-8",
            "method": "GET",
            "payload": "",
            "url": "http://localhost:3100/timings/6666",
            "kind": "ARC#HistoryData"
        },
        {
            "created": 1571845942183,
            "updated": 1571845985100,
            "headers": "content-type: application/json\naccept-charset: utf-8",
            "method": "PUT",
            "payload": "{\"avlTimeFrom\":\"9999\",\"avlTimeTo\":\"1300\",\"avlDateFrom\":\"24/10/2019\",\"avlDateTo\":\"24/10/2019\"}",
            "url": "http://localhost:3100/timings/6666",
            "kind": "ARC#HistoryData"
        },
        {
            "created": 1571844125300,
            "updated": 1571845361339,
            "headers": "content-type: application/json\naccept-charset: utf-8",
            "method": "GET",
            "payload": "",
            "url": "http://localhost:3100/timings",
            "kind": "ARC#HistoryData"
        },
        {
            "created": 1571825004780,
            "updated": 1571825004780,
            "headers": "content-type: application/json\naccept-charset: utf-8\naccept-language: jpn",
            "method": "GET",
            "payload": "",
            "url": "http://localhost:8080/orders",
            "kind": "ARC#HistoryData"
        }
    ]
}