[
    {
        "orderid": "1-687689",
        "servicenumber": 9374658749,
        "segmentgroup": "Consumer",
        "productname": "Homeline",
        "orderstatus": "Processing",
        "state": "Sarawak",
        "remark": "This is a remark"
    },
    {
        "orderid": "1-885776",
        "servicenumber": 9920192747,
        "segmentgroup": "Business",
        "productname": "Streamyx",
        "orderstatus": "Processing",
        "state": "Kuala Lumpur",
        "remark": "This is a remark"
    },
    {
        "orderid": "1-664775",
        "servicenumber": 7584949303,
        "segmentgroup": "SME",
        "productname": "Lifeline",
        "orderstatus": "Completed",
        "state": "Perak",
        "remark": "This is a remark"
    },
    {
        "orderid": "1-657483",
        "servicenumber": 8384756372,
        "segmentgroup": "Consumer",
        "productname": "Homeline",
        "orderstatus": "Processing",
        "state": "Malacca",
        "remark": "This is a remark"
    }
]